{
  "version": 1,
  "author": "Anonymous maker",
  "editor": "wokwi",
  "parts": [
    { "type": "wokwi-breadboard", "id": "bb1", "top": -22.2, "left": -64.4, "attrs": {} },
    { "type": "wokwi-arduino-uno", "id": "uno", "top": 221.4, "left": -0.6, "attrs": {} },
    {
      "type": "wokwi-resistor",
      "id": "r1",
      "top": 62.4,
      "left": 85.85,
      "rotate": 90,
      "attrs": { "value": "220" }
    },
    {
      "type": "wokwi-pushbutton",
      "id": "btn1",
      "top": 76.2,
      "left": -54.6,
      "rotate": 90,
      "attrs": { "color": "black", "xray": "1", "bounce": "1" }
    },
    { "type": "wokwi-led", "id": "led1", "top": 82.8, "left": 99.8, "attrs": { "color": "red" } },
    {
      "type": "wokwi-resistor",
      "id": "r2",
      "top": 42.35,
      "left": -28.8,
      "attrs": { "value": "10000" }
    }
  ],
  "connections": [
    [ "bb1:18b.j", "uno:13", "green", [ "v0" ] ],
    [ "r1:1", "bb1:tn.13", "green", [ "h0" ] ],
    [ "uno:GND.1", "bb1:tn.1", "black", [ "v-19.2", "h-201.3", "v-211.1" ] ],
    [ "uno:5V", "bb1:bp.1", "red", [ "v38.3", "h-177.8" ] ],
    [ "r1:1", "bb1:17t.b", "", [ "$bb" ] ],
    [ "r1:2", "bb1:17b.f", "", [ "$bb" ] ],
    [ "led1:A", "bb1:18b.i", "", [ "$bb" ] ],
    [ "led1:C", "bb1:17b.i", "", [ "$bb" ] ],
    [ "btn1:1.l", "bb1:4t.e", "", [ "$bb" ] ],
    [ "btn1:2.l", "bb1:2t.e", "", [ "$bb" ] ],
    [ "btn1:1.r", "bb1:4b.j", "", [ "$bb" ] ],
    [ "btn1:2.r", "bb1:2b.j", "", [ "$bb" ] ],
    [ "bb1:bp.6", "bb1:8t.c", "green", [ "v0" ] ],
    [ "r2:1", "bb1:2t.c", "", [ "$bb" ] ],
    [ "r2:2", "bb1:8t.c", "", [ "$bb" ] ],
    [ "uno:2", "btn1:1.r", "green", [ "v-38.4", "h-245.5" ] ]
  ],
  "dependencies": {}
}